No face detected,0,True,False
harish,0.79,True,True
Unknown,0.58,True,False
No face detected,0,True,False
harish,0.81,True,True
harish,0.81,True,True
harish,0.8,True,True
Unknown,0.46,True,True
Unknown,0.56,True,True
No face detected,0,True,False
Unknown,0.23,True,True
Unknown,0.29,True,True
harish,0.69,True,True
harish,0.74,True,True
Unknown,0.33,True,True
harish,0.81,True,True
Unknown,0.21,True,True
harish,0.8,True,True
Unknown,0.5,True,True
Unknown,0.42,True,True
Unknown,0.37,True,True
harsha,0.71,True,True
nigesh,0.68,True,True
Unknown,0.42,True,False
Unknown,0.19,True,True
nidish,0.61,True,False
harish,0.86,True,True
harish,0.8,True,True
No face detected,0,True,True
harish,0.63,True,True
harish,0.74,True,True
Unknown,0.49,True,True
harish,0.89,True,True
No face detected,0,True,True
Unknown,0.54,True,False
harish,0.71,True,True
nidish,0.61,True,True
nidish,0.65,True,True
nidish,0.7,True,True
harish,0.9,True,True
harsha,0.61,True,True
harsha,0.81,True,False
harish,0.73,True,True
Unknown,0.24,True,True
Unknown,0.17,True,True
harsha,0.68,True,True
harsha,0.68,True,True
No face detected,0,True,True
harish,0.82,True,True
harsha,0.72,True,True
No face detected,0,True,False
No face detected,0,True,False
No face detected,0,True,False
harish,0.8,True,False
harish,0.68,True,False
harish,0.66,True,True
